"HITId","HITTypeId","Title","Description","Keywords","Reward","CreationTime","MaxAssignments","RequesterAnnotation","AssignmentDurationInSeconds","AutoApprovalDelayInSeconds","Expiration","NumberOfSimilarHITs","LifetimeInSeconds","AssignmentId","WorkerId","AssignmentStatus","AcceptTime","SubmitTime","AutoApprovalTime","ApprovalTime","RejectionTime","RequesterFeedback","WorkTimeInSeconds","LifetimeApprovalRate","Last30DaysApprovalRate","Last7DaysApprovalRate","Answer.surveycode","Approve","Reject"
"3HEM8MA6H9PWE4866QOHEMBWPQ6PQK","3RPT4N9PTW10QTQ1XDWQW5MSRQ34DQ","Answer a survey on video playback quality","Give your rating on videos with different levels of playback quality.","survey, video play back","$0.70","Wed Nov 27 14:25:46 PST 2019","71","BatchId:3851433;OriginalHitTemplateId:920937340;","600","259200","Wed Nov 27 14:42:04 PST 2019","","","30OG32W0SVOA103I7NLR50DCDLYNEC","A1PK156G147FCR","Approved","Wed Nov 27 14:33:02 PST 2019","Wed Nov 27 14:41:10 PST 2019","Sat Nov 30 14:41:10 PST 2019","Wed Nov 27 22:55:36 PST 2019","","","488","100% (1/1)","0% (0/0)","0% (0/0)","0lMq2GKqLDSUgYAGc=","","",""
"3HEM8MA6H9PWE4866QOHEMBWPQ6PQK","3RPT4N9PTW10QTQ1XDWQW5MSRQ34DQ","Answer a survey on video playback quality","Give your rating on videos with different levels of playback quality.","survey, video play back","$0.70","Wed Nov 27 14:25:46 PST 2019","71","BatchId:3851433;OriginalHitTemplateId:920937340;","600","259200","Wed Nov 27 14:42:04 PST 2019","","","31T4R4OBOTT61HRHVPY7JFRJSUG7CS","A2DT1Y0XOGKPS5","Rejected","Wed Nov 27 14:29:07 PST 2019","Wed Nov 27 14:37:45 PST 2019","Sat Nov 30 14:37:45 PST 2019","","Wed Nov 27 15:29:39 PST 2019","our backend result shows the worker doesn't watch at least one video in its full length","518","0% (0/1)","0% (0/0)","0% (0/0)","0lMq2GKqLDSUgYAGc=","","",""
"3HEM8MA6H9PWE4866QOHEMBWPQ6PQK","3RPT4N9PTW10QTQ1XDWQW5MSRQ34DQ","Answer a survey on video playback quality","Give your rating on videos with different levels of playback quality.","survey, video play back","$0.70","Wed Nov 27 14:25:46 PST 2019","71","BatchId:3851433;OriginalHitTemplateId:920937340;","600","259200","Wed Nov 27 14:42:04 PST 2019","","","320DUZ38G8ZC2O8OYKJNCWH7HH8JGL","A2B195Z3VV7Y3C","Approved","Wed Nov 27 14:26:40 PST 2019","Wed Nov 27 14:32:23 PST 2019","Sat Nov 30 14:32:23 PST 2019","Wed Nov 27 22:55:36 PST 2019","","","343","100% (1/1)","0% (0/0)","0% (0/0)","0lMq2GKqLDSUgYAGc","","",""
"3HEM8MA6H9PWE4866QOHEMBWPQ6PQK","3RPT4N9PTW10QTQ1XDWQW5MSRQ34DQ","Answer a survey on video playback quality","Give your rating on videos with different levels of playback quality.","survey, video play back","$0.70","Wed Nov 27 14:25:46 PST 2019","71","BatchId:3851433;OriginalHitTemplateId:920937340;","600","259200","Wed Nov 27 14:42:04 PST 2019","","","324G5B4FB4LM7PW1J95NOEPIJ5J70Z","A1APEUBLZLIDXS","Approved","Wed Nov 27 14:28:04 PST 2019","Wed Nov 27 14:35:43 PST 2019","Sat Nov 30 14:35:43 PST 2019","Wed Nov 27 22:55:36 PST 2019","","","459","100% (1/1)","0% (0/0)","0% (0/0)","0lMq2GKqLDSUgYAGc=","","",""
"3HEM8MA6H9PWE4866QOHEMBWPQ6PQK","3RPT4N9PTW10QTQ1XDWQW5MSRQ34DQ","Answer a survey on video playback quality","Give your rating on videos with different levels of playback quality.","survey, video play back","$0.70","Wed Nov 27 14:25:46 PST 2019","71","BatchId:3851433;OriginalHitTemplateId:920937340;","600","259200","Wed Nov 27 14:42:04 PST 2019","","","32SCWG5HIIH6R6MGHKFLX1QUW2B6P6","A200RIU9CD4AJ8","Approved","Wed Nov 27 14:26:12 PST 2019","Wed Nov 27 14:35:22 PST 2019","Sat Nov 30 14:35:22 PST 2019","Wed Nov 27 22:55:36 PST 2019","","","550","100% (1/1)","0% (0/0)","0% (0/0)","0lMq2GKqLDSUgYAGc=","","",""
"3HEM8MA6H9PWE4866QOHEMBWPQ6PQK","3RPT4N9PTW10QTQ1XDWQW5MSRQ34DQ","Answer a survey on video playback quality","Give your rating on videos with different levels of playback quality.","survey, video play back","$0.70","Wed Nov 27 14:25:46 PST 2019","71","BatchId:3851433;OriginalHitTemplateId:920937340;","600","259200","Wed Nov 27 14:42:04 PST 2019","","","333U7HK6IAS9Q4YXWUIF6BEA4PSJDB","A2E3TO92MCQ9XU","Approved","Wed Nov 27 14:26:24 PST 2019","Wed Nov 27 14:31:15 PST 2019","Sat Nov 30 14:31:15 PST 2019","Wed Nov 27 22:55:36 PST 2019","","","291","100% (1/1)","0% (0/0)","0% (0/0)","0lMq2GKqLDSUgYAGc=","","",""
"3HEM8MA6H9PWE4866QOHEMBWPQ6PQK","3RPT4N9PTW10QTQ1XDWQW5MSRQ34DQ","Answer a survey on video playback quality","Give your rating on videos with different levels of playback quality.","survey, video play back","$0.70","Wed Nov 27 14:25:46 PST 2019","71","BatchId:3851433;OriginalHitTemplateId:920937340;","600","259200","Wed Nov 27 14:42:04 PST 2019","","","33C7UALJVMBQESM2PX1TGJ4NZHW81R","A3FAH5S2RGZ5AK","Approved","Wed Nov 27 14:37:50 PST 2019","Wed Nov 27 14:45:41 PST 2019","Sat Nov 30 14:45:41 PST 2019","Wed Nov 27 22:55:36 PST 2019","","","471","100% (1/1)","0% (0/0)","0% (0/0)","82037408","","",""
"3HEM8MA6H9PWE4866QOHEMBWPQ6PQK","3RPT4N9PTW10QTQ1XDWQW5MSRQ34DQ","Answer a survey on video playback quality","Give your rating on videos with different levels of playback quality.","survey, video play back","$0.70","Wed Nov 27 14:25:46 PST 2019","71","BatchId:3851433;OriginalHitTemplateId:920937340;","600","259200","Wed Nov 27 14:42:04 PST 2019","","","34V1S5K3GTELZJ690VJOBBQFRYT96E","A39980PKUJE4NS","Rejected","Wed Nov 27 14:26:05 PST 2019","Wed Nov 27 14:29:34 PST 2019","Sat Nov 30 14:29:34 PST 2019","","Wed Nov 27 15:29:39 PST 2019","our backend result shows the worker doesn't watch at least one video in its full length","209","0% (0/2)","0% (0/0)","0% (0/0)","0lMq2GKqLDSUgYAGc=","","",""
"3HEM8MA6H9PWE4866QOHEMBWPQ6PQK","3RPT4N9PTW10QTQ1XDWQW5MSRQ34DQ","Answer a survey on video playback quality","Give your rating on videos with different levels of playback quality.","survey, video play back","$0.70","Wed Nov 27 14:25:46 PST 2019","71","BatchId:3851433;OriginalHitTemplateId:920937340;","600","259200","Wed Nov 27 14:42:04 PST 2019","","","34YB12FSQZ123WE91HWFSO9OLB3GMM","AA9SBG7LNCG8Q","Approved","Wed Nov 27 14:36:42 PST 2019","Wed Nov 27 14:41:07 PST 2019","Sat Nov 30 14:41:07 PST 2019","Wed Nov 27 22:55:37 PST 2019","","","265","100% (1/1)","0% (0/0)","0% (0/0)","0lMq2GKqLDSUgYAGc=","","",""
"3HEM8MA6H9PWE4866QOHEMBWPQ6PQK","3RPT4N9PTW10QTQ1XDWQW5MSRQ34DQ","Answer a survey on video playback quality","Give your rating on videos with different levels of playback quality.","survey, video play back","$0.70","Wed Nov 27 14:25:46 PST 2019","71","BatchId:3851433;OriginalHitTemplateId:920937340;","600","259200","Wed Nov 27 14:42:04 PST 2019","","","35DR22AR5EXC3W1PK9R4KB0DOAHX3E","A27GN9GSICG19C","Rejected","Wed Nov 27 14:26:21 PST 2019","Wed Nov 27 14:35:37 PST 2019","Sat Nov 30 14:35:37 PST 2019","","Wed Nov 27 15:29:39 PST 2019","our backend result shows the worker doesn't watch at least one video in its full length","556","0% (0/1)","0% (0/0)","0% (0/0)","0lMq2GKqLDSUgYAGc","","",""
"3HEM8MA6H9PWE4866QOHEMBWPQ6PQK","3RPT4N9PTW10QTQ1XDWQW5MSRQ34DQ","Answer a survey on video playback quality","Give your rating on videos with different levels of playback quality.","survey, video play back","$0.70","Wed Nov 27 14:25:46 PST 2019","71","BatchId:3851433;OriginalHitTemplateId:920937340;","600","259200","Wed Nov 27 14:42:04 PST 2019","","","35USIKEBNST6OLA3152TTCLZWNA6NA","AUTUFLY12U5G4","Rejected","Wed Nov 27 14:26:01 PST 2019","Wed Nov 27 14:34:53 PST 2019","Sat Nov 30 14:34:53 PST 2019","","Wed Nov 27 15:29:39 PST 2019","our backend result shows the worker doesn't watch at least one video in its full length","532","50% (1/2)","0% (0/0)","0% (0/0)","0lMq2GKqLDSUgYAGc=","","",""
"3HEM8MA6H9PWE4866QOHEMBWPQ6PQK","3RPT4N9PTW10QTQ1XDWQW5MSRQ34DQ","Answer a survey on video playback quality","Give your rating on videos with different levels of playback quality.","survey, video play back","$0.70","Wed Nov 27 14:25:46 PST 2019","71","BatchId:3851433;OriginalHitTemplateId:920937340;","600","259200","Wed Nov 27 14:42:04 PST 2019","","","36PW28KO4093HH9TYJGMJUTCEEZEAJ","A3UN1F1EOHKKE6","Approved","Wed Nov 27 14:26:37 PST 2019","Wed Nov 27 14:36:17 PST 2019","Sat Nov 30 14:36:17 PST 2019","Wed Nov 27 22:55:37 PST 2019","","","580","100% (1/1)","0% (0/0)","0% (0/0)","0lMq2GKqLDSUgYAGc=","","",""
"3HEM8MA6H9PWE4866QOHEMBWPQ6PQK","3RPT4N9PTW10QTQ1XDWQW5MSRQ34DQ","Answer a survey on video playback quality","Give your rating on videos with different levels of playback quality.","survey, video play back","$0.70","Wed Nov 27 14:25:46 PST 2019","71","BatchId:3851433;OriginalHitTemplateId:920937340;","600","259200","Wed Nov 27 14:42:04 PST 2019","","","36W0OB37HXRG2Z830C4RLQHYFFYHZ3","ASVRLMDNQBUD9","Approved","Wed Nov 27 14:30:27 PST 2019","Wed Nov 27 14:38:41 PST 2019","Sat Nov 30 14:38:41 PST 2019","Wed Nov 27 22:55:37 PST 2019","","","494","100% (1/1)","0% (0/0)","0% (0/0)","0lMq2GKqLDSUgYAGc=","","",""
"3HEM8MA6H9PWE4866QOHEMBWPQ6PQK","3RPT4N9PTW10QTQ1XDWQW5MSRQ34DQ","Answer a survey on video playback quality","Give your rating on videos with different levels of playback quality.","survey, video play back","$0.70","Wed Nov 27 14:25:46 PST 2019","71","BatchId:3851433;OriginalHitTemplateId:920937340;","600","259200","Wed Nov 27 14:42:04 PST 2019","","","36WLNQG780N80REL4XGIE5DIWWKBEB","A1TB28SHYM0EJQ","Rejected","Wed Nov 27 14:26:19 PST 2019","Wed Nov 27 14:34:21 PST 2019","Sat Nov 30 14:34:21 PST 2019","","Wed Nov 27 15:29:39 PST 2019","our backend result shows the worker doesn't watch at least one video in its full length","482","0% (0/1)","0% (0/0)","0% (0/0)","0lMq2GKqLDSUgYAGc=","","",""
"3HEM8MA6H9PWE4866QOHEMBWPQ6PQK","3RPT4N9PTW10QTQ1XDWQW5MSRQ34DQ","Answer a survey on video playback quality","Give your rating on videos with different levels of playback quality.","survey, video play back","$0.70","Wed Nov 27 14:25:46 PST 2019","71","BatchId:3851433;OriginalHitTemplateId:920937340;","600","259200","Wed Nov 27 14:42:04 PST 2019","","","37UEWGM5HULWWX1YO67T70ZSP9J1RV","A2LX4PAS6LLYEO","Approved","Wed Nov 27 14:26:39 PST 2019","Wed Nov 27 14:33:18 PST 2019","Sat Nov 30 14:33:18 PST 2019","Wed Nov 27 22:55:37 PST 2019","","","399","100% (1/1)","0% (0/0)","0% (0/0)","0lMq2GKqLDSUgYAGc=","","",""
"3HEM8MA6H9PWE4866QOHEMBWPQ6PQK","3RPT4N9PTW10QTQ1XDWQW5MSRQ34DQ","Answer a survey on video playback quality","Give your rating on videos with different levels of playback quality.","survey, video play back","$0.70","Wed Nov 27 14:25:46 PST 2019","71","BatchId:3851433;OriginalHitTemplateId:920937340;","600","259200","Wed Nov 27 14:42:04 PST 2019","","","37W3JXSD67LYUZTNZPO88MIJO96WYQ","A1JDVQ1TDGBTHL","Rejected","Wed Nov 27 14:26:17 PST 2019","Wed Nov 27 14:35:09 PST 2019","Sat Nov 30 14:35:09 PST 2019","","Wed Nov 27 15:29:39 PST 2019","our backend result shows the worker doesn't watch at least one video in its full length","532","0% (0/1)","0% (0/0)","0% (0/0)","0lMq2GKqLDSUgYAGc=","","",""
"3HEM8MA6H9PWE4866QOHEMBWPQ6PQK","3RPT4N9PTW10QTQ1XDWQW5MSRQ34DQ","Answer a survey on video playback quality","Give your rating on videos with different levels of playback quality.","survey, video play back","$0.70","Wed Nov 27 14:25:46 PST 2019","71","BatchId:3851433;OriginalHitTemplateId:920937340;","600","259200","Wed Nov 27 14:42:04 PST 2019","","","38JBBYETQPNOFSTCPI6V6R7CM43E48","A3T3CRF61D218E","Approved","Wed Nov 27 14:26:28 PST 2019","Wed Nov 27 14:35:01 PST 2019","Sat Nov 30 14:35:01 PST 2019","Wed Nov 27 22:55:37 PST 2019","","","513","100% (1/1)","0% (0/0)","0% (0/0)","0lMq2GKqLDSUgYAGc=","","",""
"3HEM8MA6H9PWE4866QOHEMBWPQ6PQK","3RPT4N9PTW10QTQ1XDWQW5MSRQ34DQ","Answer a survey on video playback quality","Give your rating on videos with different levels of playback quality.","survey, video play back","$0.70","Wed Nov 27 14:25:46 PST 2019","71","BatchId:3851433;OriginalHitTemplateId:920937340;","600","259200","Wed Nov 27 14:42:04 PST 2019","","","3A1PQ49WVIUJ73NVS1VZTWXM20L1HY","ACUP08LA7MJ4O","Rejected","Wed Nov 27 14:26:02 PST 2019","Wed Nov 27 14:29:42 PST 2019","Sat Nov 30 14:29:42 PST 2019","","Wed Nov 27 15:29:39 PST 2019","our backend result shows the worker doesn't watch at least one video in its full length","220","0% (0/1)","0% (0/0)","0% (0/0)","0lMq2GKqLDSUgYAGc=","","",""
"3HEM8MA6H9PWE4866QOHEMBWPQ6PQK","3RPT4N9PTW10QTQ1XDWQW5MSRQ34DQ","Answer a survey on video playback quality","Give your rating on videos with different levels of playback quality.","survey, video play back","$0.70","Wed Nov 27 14:25:46 PST 2019","71","BatchId:3851433;OriginalHitTemplateId:920937340;","600","259200","Wed Nov 27 14:42:04 PST 2019","","","3C6FJU71TR6L2V4I4P97QYXM3TVYUT","A1NZ6JTBHVG3VJ","Rejected","Wed Nov 27 14:26:01 PST 2019","Wed Nov 27 14:34:45 PST 2019","Sat Nov 30 14:34:45 PST 2019","","Wed Nov 27 15:29:39 PST 2019","our backend result shows the worker doesn't watch at least one video in its full length","524","0% (0/1)","0% (0/0)","0% (0/0)","0lMq2GKqLDSUgYAGc=","","",""
"3HEM8MA6H9PWE4866QOHEMBWPQ6PQK","3RPT4N9PTW10QTQ1XDWQW5MSRQ34DQ","Answer a survey on video playback quality","Give your rating on videos with different levels of playback quality.","survey, video play back","$0.70","Wed Nov 27 14:25:46 PST 2019","71","BatchId:3851433;OriginalHitTemplateId:920937340;","600","259200","Wed Nov 27 14:42:04 PST 2019","","","3CFVK00FWMYG0L7IPSMEGKHARSA6L8","A2Z0V2A4SP5QE0","Approved","Wed Nov 27 14:26:00 PST 2019","Wed Nov 27 14:34:31 PST 2019","Sat Nov 30 14:34:31 PST 2019","Wed Nov 27 22:55:37 PST 2019","","","511","100% (1/1)","0% (0/0)","0% (0/0)","0lMq2GKqLDSUgYAGc=","","",""
"3HEM8MA6H9PWE4866QOHEMBWPQ6PQK","3RPT4N9PTW10QTQ1XDWQW5MSRQ34DQ","Answer a survey on video playback quality","Give your rating on videos with different levels of playback quality.","survey, video play back","$0.70","Wed Nov 27 14:25:46 PST 2019","71","BatchId:3851433;OriginalHitTemplateId:920937340;","600","259200","Wed Nov 27 14:42:04 PST 2019","","","3DEL4X4EL7YDJZYD9UKUA5WQXBCYXL","A1R780RJYQ68GY","Rejected","Wed Nov 27 14:26:05 PST 2019","Wed Nov 27 14:35:28 PST 2019","Sat Nov 30 14:35:28 PST 2019","","Wed Nov 27 15:29:39 PST 2019","our backend result shows the worker doesn't watch at least one video in its full length","563","0% (0/1)","0% (0/0)","0% (0/0)","0lMq2GKqLDSUgYAGc=","","",""
"3HEM8MA6H9PWE4866QOHEMBWPQ6PQK","3RPT4N9PTW10QTQ1XDWQW5MSRQ34DQ","Answer a survey on video playback quality","Give your rating on videos with different levels of playback quality.","survey, video play back","$0.70","Wed Nov 27 14:25:46 PST 2019","71","BatchId:3851433;OriginalHitTemplateId:920937340;","600","259200","Wed Nov 27 14:42:04 PST 2019","","","3DIP6YHAPD5PYTGE1LW8N3NHOQZE8F","A26L0OBAWF7EHQ","Approved","Wed Nov 27 14:26:42 PST 2019","Wed Nov 27 14:32:55 PST 2019","Sat Nov 30 14:32:55 PST 2019","Wed Nov 27 22:55:37 PST 2019","","","373","100% (1/1)","0% (0/0)","0% (0/0)","0lMq2GKqLDSUgYAGc=","","",""
"3HEM8MA6H9PWE4866QOHEMBWPQ6PQK","3RPT4N9PTW10QTQ1XDWQW5MSRQ34DQ","Answer a survey on video playback quality","Give your rating on videos with different levels of playback quality.","survey, video play back","$0.70","Wed Nov 27 14:25:46 PST 2019","71","BatchId:3851433;OriginalHitTemplateId:920937340;","600","259200","Wed Nov 27 14:42:04 PST 2019","","","3DY46V3X3QV6FS4JSMW27P7D970554","A1YPH484P1PHK8","Rejected","Wed Nov 27 14:37:48 PST 2019","Wed Nov 27 14:41:48 PST 2019","Sat Nov 30 14:41:48 PST 2019","","Wed Nov 27 15:29:40 PST 2019","our backend result shows the worker doesn't watch at least one video in its full length","240","0% (0/1)","0% (0/0)","0% (0/0)","0lMq2GKqLDSUgYAGc=","","",""
"3HEM8MA6H9PWE4866QOHEMBWPQ6PQK","3RPT4N9PTW10QTQ1XDWQW5MSRQ34DQ","Answer a survey on video playback quality","Give your rating on videos with different levels of playback quality.","survey, video play back","$0.70","Wed Nov 27 14:25:46 PST 2019","71","BatchId:3851433;OriginalHitTemplateId:920937340;","600","259200","Wed Nov 27 14:42:04 PST 2019","","","3DYGAII7PMLZ1O50WTTJ367LW3NQPN","A11Q8U6QTT8KGF","Approved","Wed Nov 27 14:34:31 PST 2019","Wed Nov 27 14:43:02 PST 2019","Sat Nov 30 14:43:02 PST 2019","Wed Nov 27 18:56:58 PST 2019","Wed Nov 27 15:29:40 PST 2019","","511","100% (1/1)","0% (0/0)","0% (0/0)","0lMq2GKqLDSUgYAGc=","","",""
"3HEM8MA6H9PWE4866QOHEMBWPQ6PQK","3RPT4N9PTW10QTQ1XDWQW5MSRQ34DQ","Answer a survey on video playback quality","Give your rating on videos with different levels of playback quality.","survey, video play back","$0.70","Wed Nov 27 14:25:46 PST 2019","71","BatchId:3851433;OriginalHitTemplateId:920937340;","600","259200","Wed Nov 27 14:42:04 PST 2019","","","3E13VNJ1NO8J3YYFYJDKT8Y12D01IR","A2SOHTPWH4VGP5","Approved","Wed Nov 27 14:29:09 PST 2019","Wed Nov 27 14:34:17 PST 2019","Sat Nov 30 14:34:17 PST 2019","Wed Nov 27 22:55:37 PST 2019","","","308","100% (1/1)","0% (0/0)","0% (0/0)","0lMq2GKqLDSUgYAGc=","","",""
"3HEM8MA6H9PWE4866QOHEMBWPQ6PQK","3RPT4N9PTW10QTQ1XDWQW5MSRQ34DQ","Answer a survey on video playback quality","Give your rating on videos with different levels of playback quality.","survey, video play back","$0.70","Wed Nov 27 14:25:46 PST 2019","71","BatchId:3851433;OriginalHitTemplateId:920937340;","600","259200","Wed Nov 27 14:42:04 PST 2019","","","3E337GFOLAL8LEZ9DIBF53YOQ1DGNM","A3HWIDZ2MRAKTX","Approved","Wed Nov 27 14:26:17 PST 2019","Wed Nov 27 14:32:14 PST 2019","Sat Nov 30 14:32:14 PST 2019","Wed Nov 27 22:55:37 PST 2019","","","357","100% (3/3)","0% (0/0)","0% (0/0)","0lMq2GKqLDSUgYAGc=","","",""
"3HEM8MA6H9PWE4866QOHEMBWPQ6PQK","3RPT4N9PTW10QTQ1XDWQW5MSRQ34DQ","Answer a survey on video playback quality","Give your rating on videos with different levels of playback quality.","survey, video play back","$0.70","Wed Nov 27 14:25:46 PST 2019","71","BatchId:3851433;OriginalHitTemplateId:920937340;","600","259200","Wed Nov 27 14:42:04 PST 2019","","","3E7TUJ2EGDZKKSLOAIR2HH078KG9D6","A3YP2RNFZ1PQP","Approved","Wed Nov 27 14:36:53 PST 2019","Wed Nov 27 14:43:06 PST 2019","Sat Nov 30 14:43:06 PST 2019","Wed Nov 27 22:55:37 PST 2019","","","373","100% (1/1)","0% (0/0)","0% (0/0)","0lMq2GKqLDSUgYAGc=","","",""
"3HEM8MA6H9PWE4866QOHEMBWPQ6PQK","3RPT4N9PTW10QTQ1XDWQW5MSRQ34DQ","Answer a survey on video playback quality","Give your rating on videos with different levels of playback quality.","survey, video play back","$0.70","Wed Nov 27 14:25:46 PST 2019","71","BatchId:3851433;OriginalHitTemplateId:920937340;","600","259200","Wed Nov 27 14:42:04 PST 2019","","","3H7Z272LX8KOARPN4OLNMK8RMX0LPT","AXGY6VUJW64P1","Approved","Wed Nov 27 14:32:26 PST 2019","Wed Nov 27 14:38:40 PST 2019","Sat Nov 30 14:38:40 PST 2019","Wed Nov 27 22:55:38 PST 2019","","","374","100% (1/1)","0% (0/0)","0% (0/0)","0lMq2GKqLDSUgYAGc","","",""
"3HEM8MA6H9PWE4866QOHEMBWPQ6PQK","3RPT4N9PTW10QTQ1XDWQW5MSRQ34DQ","Answer a survey on video playback quality","Give your rating on videos with different levels of playback quality.","survey, video play back","$0.70","Wed Nov 27 14:25:46 PST 2019","71","BatchId:3851433;OriginalHitTemplateId:920937340;","600","259200","Wed Nov 27 14:42:04 PST 2019","","","3IAEQB9FMFXVWOYW3T1UV18I6L1DW0","A2HITRHQ441VHA","Approved","Wed Nov 27 14:26:13 PST 2019","Wed Nov 27 14:33:55 PST 2019","Sat Nov 30 14:33:55 PST 2019","Wed Nov 27 22:55:38 PST 2019","","","462","100% (1/1)","0% (0/0)","0% (0/0)","0lMq2GKqLDSUgYAGc=","","",""
"3HEM8MA6H9PWE4866QOHEMBWPQ6PQK","3RPT4N9PTW10QTQ1XDWQW5MSRQ34DQ","Answer a survey on video playback quality","Give your rating on videos with different levels of playback quality.","survey, video play back","$0.70","Wed Nov 27 14:25:46 PST 2019","71","BatchId:3851433;OriginalHitTemplateId:920937340;","600","259200","Wed Nov 27 14:42:04 PST 2019","","","3JJVG1YBECA848LSTWNFAB75J3LB5A","A36SUOEMOIXFSO","Rejected","Wed Nov 27 14:26:01 PST 2019","Wed Nov 27 14:32:23 PST 2019","Sat Nov 30 14:32:23 PST 2019","","Wed Nov 27 15:29:40 PST 2019","our backend result shows the worker doesn't watch at least one video in its full length","382","0% (0/2)","0% (0/0)","0% (0/0)","0lMq2GKqLDSUgYAGc=","","",""
"3HEM8MA6H9PWE4866QOHEMBWPQ6PQK","3RPT4N9PTW10QTQ1XDWQW5MSRQ34DQ","Answer a survey on video playback quality","Give your rating on videos with different levels of playback quality.","survey, video play back","$0.70","Wed Nov 27 14:25:46 PST 2019","71","BatchId:3851433;OriginalHitTemplateId:920937340;","600","259200","Wed Nov 27 14:42:04 PST 2019","","","3JW0YLFXRUTU5UYNKO6KNPX3D16WWR","A1F669OTXWIJW0","Approved","Wed Nov 27 14:26:15 PST 2019","Wed Nov 27 14:30:51 PST 2019","Sat Nov 30 14:30:51 PST 2019","Wed Nov 27 18:56:58 PST 2019","Wed Nov 27 15:29:40 PST 2019","","276","100% (1/1)","0% (0/0)","0% (0/0)","0lMq2GKqLDSUgYAGc=","","",""
"3HEM8MA6H9PWE4866QOHEMBWPQ6PQK","3RPT4N9PTW10QTQ1XDWQW5MSRQ34DQ","Answer a survey on video playback quality","Give your rating on videos with different levels of playback quality.","survey, video play back","$0.70","Wed Nov 27 14:25:46 PST 2019","71","BatchId:3851433;OriginalHitTemplateId:920937340;","600","259200","Wed Nov 27 14:42:04 PST 2019","","","3JWH6J9I9TQCUXRYXWJ14S7RAOLBN0","A18UCBCCBKS6NY","Approved","Wed Nov 27 14:26:35 PST 2019","Wed Nov 27 14:31:24 PST 2019","Sat Nov 30 14:31:24 PST 2019","Wed Nov 27 22:55:38 PST 2019","","","289","100% (1/1)","0% (0/0)","0% (0/0)","0lMq2GKqLDSUgYAGc=","","",""
"3HEM8MA6H9PWE4866QOHEMBWPQ6PQK","3RPT4N9PTW10QTQ1XDWQW5MSRQ34DQ","Answer a survey on video playback quality","Give your rating on videos with different levels of playback quality.","survey, video play back","$0.70","Wed Nov 27 14:25:46 PST 2019","71","BatchId:3851433;OriginalHitTemplateId:920937340;","600","259200","Wed Nov 27 14:42:04 PST 2019","","","3KKG4CDWKJB7KW2VH7Q9ED61V7N94T","A1ZWDUFNFILYJJ","Approved","Wed Nov 27 14:26:01 PST 2019","Wed Nov 27 14:33:01 PST 2019","Sat Nov 30 14:33:01 PST 2019","Wed Nov 27 22:55:38 PST 2019","","","420","100% (1/1)","0% (0/0)","0% (0/0)","0lMq2GKqLDSUgYAGc=","","",""
"3HEM8MA6H9PWE4866QOHEMBWPQ6PQK","3RPT4N9PTW10QTQ1XDWQW5MSRQ34DQ","Answer a survey on video playback quality","Give your rating on videos with different levels of playback quality.","survey, video play back","$0.70","Wed Nov 27 14:25:46 PST 2019","71","BatchId:3851433;OriginalHitTemplateId:920937340;","600","259200","Wed Nov 27 14:42:04 PST 2019","","","3NGI5ARFTUIBKKLJBE3425ZDORV1P3","A2IUT0610X9CV0","Approved","Wed Nov 27 14:27:31 PST 2019","Wed Nov 27 14:32:48 PST 2019","Sat Nov 30 14:32:48 PST 2019","Wed Nov 27 18:56:58 PST 2019","Wed Nov 27 15:29:40 PST 2019","","317","100% (1/1)","0% (0/0)","0% (0/0)","0lMq2GKqLDSUgYAGc=","","",""
"3HEM8MA6H9PWE4866QOHEMBWPQ6PQK","3RPT4N9PTW10QTQ1XDWQW5MSRQ34DQ","Answer a survey on video playback quality","Give your rating on videos with different levels of playback quality.","survey, video play back","$0.70","Wed Nov 27 14:25:46 PST 2019","71","BatchId:3851433;OriginalHitTemplateId:920937340;","600","259200","Wed Nov 27 14:42:04 PST 2019","","","3NKQQ8O39ZII4K9R8TMTDDNLL5QDU1","A1TUQKNUWOPBKA","Approved","Wed Nov 27 14:26:05 PST 2019","Wed Nov 27 14:35:41 PST 2019","Sat Nov 30 14:35:41 PST 2019","Wed Nov 27 22:55:38 PST 2019","","","576","100% (1/1)","0% (0/0)","0% (0/0)","0lMq2GKqLDSUgYAGc=","","",""
"3HEM8MA6H9PWE4866QOHEMBWPQ6PQK","3RPT4N9PTW10QTQ1XDWQW5MSRQ34DQ","Answer a survey on video playback quality","Give your rating on videos with different levels of playback quality.","survey, video play back","$0.70","Wed Nov 27 14:25:46 PST 2019","71","BatchId:3851433;OriginalHitTemplateId:920937340;","600","259200","Wed Nov 27 14:42:04 PST 2019","","","3NQL1CS15SLLFATI9FJCMKZ5H04YVI","A2KFVSJQGOHZN8","Approved","Wed Nov 27 14:26:04 PST 2019","Wed Nov 27 14:33:29 PST 2019","Sat Nov 30 14:33:29 PST 2019","Wed Nov 27 22:55:38 PST 2019","","","445","100% (1/1)","0% (0/0)","0% (0/0)","0lMq2GKqLDSUgYAGc=","","",""
"3HEM8MA6H9PWE4866QOHEMBWPQ6PQK","3RPT4N9PTW10QTQ1XDWQW5MSRQ34DQ","Answer a survey on video playback quality","Give your rating on videos with different levels of playback quality.","survey, video play back","$0.70","Wed Nov 27 14:25:46 PST 2019","71","BatchId:3851433;OriginalHitTemplateId:920937340;","600","259200","Wed Nov 27 14:42:04 PST 2019","","","3NXNZ5RS1BA43JKEJ5OGHPQBM9D97D","A24RQYIDMV7OPK","Rejected","Wed Nov 27 14:26:19 PST 2019","Wed Nov 27 14:33:45 PST 2019","Sat Nov 30 14:33:45 PST 2019","","Wed Nov 27 15:29:40 PST 2019","our backend result shows the worker doesn't watch at least one video in its full length","446","0% (0/2)","0% (0/0)","0% (0/0)","0lMq2GKqLDSUgYAGc=","","",""
"3HEM8MA6H9PWE4866QOHEMBWPQ6PQK","3RPT4N9PTW10QTQ1XDWQW5MSRQ34DQ","Answer a survey on video playback quality","Give your rating on videos with different levels of playback quality.","survey, video play back","$0.70","Wed Nov 27 14:25:46 PST 2019","71","BatchId:3851433;OriginalHitTemplateId:920937340;","600","259200","Wed Nov 27 14:42:04 PST 2019","","","3OS4RQUCRAS065EHZ80OWNYI8XZBFT","A2G92T4A1U377C","Rejected","Wed Nov 27 14:26:20 PST 2019","Wed Nov 27 14:33:33 PST 2019","Sat Nov 30 14:33:33 PST 2019","","Wed Nov 27 15:29:40 PST 2019","our backend result shows the worker doesn't watch at least one video in its full length","433","50% (1/2)","0% (0/0)","0% (0/0)","0lMq2GKqLDSUgYAGc=","","",""
"3HEM8MA6H9PWE4866QOHEMBWPQ6PQK","3RPT4N9PTW10QTQ1XDWQW5MSRQ34DQ","Answer a survey on video playback quality","Give your rating on videos with different levels of playback quality.","survey, video play back","$0.70","Wed Nov 27 14:25:46 PST 2019","71","BatchId:3851433;OriginalHitTemplateId:920937340;","600","259200","Wed Nov 27 14:42:04 PST 2019","","","3PH3VY7DJMAYZP3SVBQRMTRLU3AWZH","A3ODGLELT1TPX","Approved","Wed Nov 27 14:36:06 PST 2019","Wed Nov 27 14:42:55 PST 2019","Sat Nov 30 14:42:55 PST 2019","Wed Nov 27 22:55:38 PST 2019","","","409","100% (1/1)","0% (0/0)","0% (0/0)","0lMq2GKqLDSUgYAGc=","","",""
"3HEM8MA6H9PWE4866QOHEMBWPQ6PQK","3RPT4N9PTW10QTQ1XDWQW5MSRQ34DQ","Answer a survey on video playback quality","Give your rating on videos with different levels of playback quality.","survey, video play back","$0.70","Wed Nov 27 14:25:46 PST 2019","71","BatchId:3851433;OriginalHitTemplateId:920937340;","600","259200","Wed Nov 27 14:42:04 PST 2019","","","3PMBY0YE28GAF0FAAMWRXBIPNK49C6","AJ7736S2PQ65E","Approved","Wed Nov 27 14:27:42 PST 2019","Wed Nov 27 14:35:09 PST 2019","Sat Nov 30 14:35:09 PST 2019","Wed Nov 27 22:55:38 PST 2019","","","447","100% (1/1)","0% (0/0)","0% (0/0)","0lMq2GKqLDSUgYAGc=","","",""
"3HEM8MA6H9PWE4866QOHEMBWPQ6PQK","3RPT4N9PTW10QTQ1XDWQW5MSRQ34DQ","Answer a survey on video playback quality","Give your rating on videos with different levels of playback quality.","survey, video play back","$0.70","Wed Nov 27 14:25:46 PST 2019","71","BatchId:3851433;OriginalHitTemplateId:920937340;","600","259200","Wed Nov 27 14:42:04 PST 2019","","","3QEMNNSB2YCG69XVVLTI3L91DUS7DS","A2NCHHE08W2LBH","Approved","Wed Nov 27 14:29:09 PST 2019","Wed Nov 27 14:35:48 PST 2019","Sat Nov 30 14:35:48 PST 2019","Wed Nov 27 22:55:39 PST 2019","","","399","100% (1/1)","0% (0/0)","0% (0/0)","0lMq2GKqLDSUgYAGc=","","",""
"3HEM8MA6H9PWE4866QOHEMBWPQ6PQK","3RPT4N9PTW10QTQ1XDWQW5MSRQ34DQ","Answer a survey on video playback quality","Give your rating on videos with different levels of playback quality.","survey, video play back","$0.70","Wed Nov 27 14:25:46 PST 2019","71","BatchId:3851433;OriginalHitTemplateId:920937340;","600","259200","Wed Nov 27 14:42:04 PST 2019","","","3QHK8ZVMINVM6XODLJ3MR0325TLBLY","A7A06O2RUJ0LB","Rejected","Wed Nov 27 14:37:05 PST 2019","Wed Nov 27 14:44:34 PST 2019","Sat Nov 30 14:44:34 PST 2019","","Wed Nov 27 15:29:40 PST 2019","our backend result shows the worker doesn't watch at least one video in its full length","449","0% (0/1)","0% (0/0)","0% (0/0)","0lMq2GKqLDSUgYAGc=","","",""
"3HEM8MA6H9PWE4866QOHEMBWPQ6PQK","3RPT4N9PTW10QTQ1XDWQW5MSRQ34DQ","Answer a survey on video playback quality","Give your rating on videos with different levels of playback quality.","survey, video play back","$0.70","Wed Nov 27 14:25:46 PST 2019","71","BatchId:3851433;OriginalHitTemplateId:920937340;","600","259200","Wed Nov 27 14:42:04 PST 2019","","","3RRCEFRB7NPQ8PHSFR455J1RJ7Q4BY","AGX171Q54YXPI","Approved","Wed Nov 27 14:26:33 PST 2019","Wed Nov 27 14:31:36 PST 2019","Sat Nov 30 14:31:36 PST 2019","Wed Nov 27 22:55:39 PST 2019","","","303","100% (1/1)","0% (0/0)","0% (0/0)","0lMq2GKqLDSUgYAGc=","","",""
"3HEM8MA6H9PWE4866QOHEMBWPQ6PQK","3RPT4N9PTW10QTQ1XDWQW5MSRQ34DQ","Answer a survey on video playback quality","Give your rating on videos with different levels of playback quality.","survey, video play back","$0.70","Wed Nov 27 14:25:46 PST 2019","71","BatchId:3851433;OriginalHitTemplateId:920937340;","600","259200","Wed Nov 27 14:42:04 PST 2019","","","3RXPCZQMQQO577SK8VDH8WLLN081GZ","A1O6NAOVMJ1XVC","Rejected","Wed Nov 27 14:25:59 PST 2019","Wed Nov 27 14:32:54 PST 2019","Sat Nov 30 14:32:54 PST 2019","","Wed Nov 27 15:29:40 PST 2019","our backend result shows the worker doesn't watch at least one video in its full length","415","0% (0/2)","0% (0/0)","0% (0/0)","0lMq2GKqLDSUgYAGc=","","",""
"3HEM8MA6H9PWE4866QOHEMBWPQ6PQK","3RPT4N9PTW10QTQ1XDWQW5MSRQ34DQ","Answer a survey on video playback quality","Give your rating on videos with different levels of playback quality.","survey, video play back","$0.70","Wed Nov 27 14:25:46 PST 2019","71","BatchId:3851433;OriginalHitTemplateId:920937340;","600","259200","Wed Nov 27 14:42:04 PST 2019","","","3RYC5T2D746ZDPK098IJ8WHQSPQPRO","ADXRJFEHIDXRE","Approved","Wed Nov 27 14:37:39 PST 2019","Wed Nov 27 14:42:30 PST 2019","Sat Nov 30 14:42:30 PST 2019","Wed Nov 27 22:55:39 PST 2019","","","291","100% (1/1)","0% (0/0)","0% (0/0)","0lMq2GKqLDSUgYAGc=","","",""
"3HEM8MA6H9PWE4866QOHEMBWPQ6PQK","3RPT4N9PTW10QTQ1XDWQW5MSRQ34DQ","Answer a survey on video playback quality","Give your rating on videos with different levels of playback quality.","survey, video play back","$0.70","Wed Nov 27 14:25:46 PST 2019","71","BatchId:3851433;OriginalHitTemplateId:920937340;","600","259200","Wed Nov 27 14:42:04 PST 2019","","","3S96KQ6I9NH347U28OWJ8H1J2RJDTA","A3QU964EOJXS56","Rejected","Wed Nov 27 14:26:07 PST 2019","Wed Nov 27 14:30:37 PST 2019","Sat Nov 30 14:30:37 PST 2019","","Wed Nov 27 15:29:40 PST 2019","our backend result shows the worker doesn't watch at least one video in its full length","270","0% (0/2)","0% (0/0)","0% (0/0)","0lMq2GKqLDSUgYAGc=","","",""
"3HEM8MA6H9PWE4866QOHEMBWPQ6PQK","3RPT4N9PTW10QTQ1XDWQW5MSRQ34DQ","Answer a survey on video playback quality","Give your rating on videos with different levels of playback quality.","survey, video play back","$0.70","Wed Nov 27 14:25:46 PST 2019","71","BatchId:3851433;OriginalHitTemplateId:920937340;","600","259200","Wed Nov 27 14:42:04 PST 2019","","","3SUWZRL0MZQ2UFXQ86ZA3PRQIV9E6T","A2I4PRZ9IZMKON","Approved","Wed Nov 27 14:26:33 PST 2019","Wed Nov 27 14:31:36 PST 2019","Sat Nov 30 14:31:36 PST 2019","Wed Nov 27 22:55:39 PST 2019","","","303","100% (1/1)","0% (0/0)","0% (0/0)","0lMq2GKqLDSUgYAGc=","","",""
"3HEM8MA6H9PWE4866QOHEMBWPQ6PQK","3RPT4N9PTW10QTQ1XDWQW5MSRQ34DQ","Answer a survey on video playback quality","Give your rating on videos with different levels of playback quality.","survey, video play back","$0.70","Wed Nov 27 14:25:46 PST 2019","71","BatchId:3851433;OriginalHitTemplateId:920937340;","600","259200","Wed Nov 27 14:42:04 PST 2019","","","3TE22NPXPCP6NQWJ0CUIX5VL9FA44T","A2K9PB0U45O0MU","Approved","Wed Nov 27 14:37:37 PST 2019","Wed Nov 27 14:42:07 PST 2019","Sat Nov 30 14:42:07 PST 2019","Wed Nov 27 22:55:39 PST 2019","","","270","100% (2/2)","0% (0/0)","0% (0/0)","0lMq2GKqLDSUgYAGc=","","",""
"3HEM8MA6H9PWE4866QOHEMBWPQ6PQK","3RPT4N9PTW10QTQ1XDWQW5MSRQ34DQ","Answer a survey on video playback quality","Give your rating on videos with different levels of playback quality.","survey, video play back","$0.70","Wed Nov 27 14:25:46 PST 2019","71","BatchId:3851433;OriginalHitTemplateId:920937340;","600","259200","Wed Nov 27 14:42:04 PST 2019","","","3TUI152ZZC0WKWMYBRIT2APNTNH1QU","A5WAWW70PYRP","Approved","Wed Nov 27 14:26:29 PST 2019","Wed Nov 27 14:32:43 PST 2019","Sat Nov 30 14:32:43 PST 2019","Wed Nov 27 22:55:39 PST 2019","","","374","100% (1/1)","0% (0/0)","0% (0/0)","0lMq2GKqLDSUgYAGc=","","",""
"3HEM8MA6H9PWE4866QOHEMBWPQ6PQK","3RPT4N9PTW10QTQ1XDWQW5MSRQ34DQ","Answer a survey on video playback quality","Give your rating on videos with different levels of playback quality.","survey, video play back","$0.70","Wed Nov 27 14:25:46 PST 2019","71","BatchId:3851433;OriginalHitTemplateId:920937340;","600","259200","Wed Nov 27 14:42:04 PST 2019","","","3TVSS0C0E2D2DDUTPJ1905Q497OWT1","A1OL6SGGVGXH5J","Rejected","Wed Nov 27 14:26:02 PST 2019","Wed Nov 27 14:33:50 PST 2019","Sat Nov 30 14:33:50 PST 2019","","Wed Nov 27 15:29:41 PST 2019","our backend result shows the worker doesn't watch at least one video in its full length","468","0% (0/1)","0% (0/0)","0% (0/0)","0lMq2GKqLDSUgYAGc=","","",""
"3HEM8MA6H9PWE4866QOHEMBWPQ6PQK","3RPT4N9PTW10QTQ1XDWQW5MSRQ34DQ","Answer a survey on video playback quality","Give your rating on videos with different levels of playback quality.","survey, video play back","$0.70","Wed Nov 27 14:25:46 PST 2019","71","BatchId:3851433;OriginalHitTemplateId:920937340;","600","259200","Wed Nov 27 14:42:04 PST 2019","","","3U5JL4WY5LMXLSKTKNWNUGSJ2ADX4Z","AOYQ6FLVQO6JJ","Rejected","Wed Nov 27 14:26:22 PST 2019","Wed Nov 27 14:28:56 PST 2019","Sat Nov 30 14:28:56 PST 2019","","Wed Nov 27 15:29:41 PST 2019","our backend result shows the worker doesn't watch at least one video in its full length","154","0% (0/1)","0% (0/0)","0% (0/0)","0lMq2GKqLDSUgYAGc=","","",""
"3HEM8MA6H9PWE4866QOHEMBWPQ6PQK","3RPT4N9PTW10QTQ1XDWQW5MSRQ34DQ","Answer a survey on video playback quality","Give your rating on videos with different levels of playback quality.","survey, video play back","$0.70","Wed Nov 27 14:25:46 PST 2019","71","BatchId:3851433;OriginalHitTemplateId:920937340;","600","259200","Wed Nov 27 14:42:04 PST 2019","","","3VBEN272MLC51RRELES14X8UD0LGSY","A3RQBXJQOOEX3S","Approved","Wed Nov 27 14:26:29 PST 2019","Wed Nov 27 14:33:05 PST 2019","Sat Nov 30 14:33:05 PST 2019","Wed Nov 27 22:55:39 PST 2019","","","396","100% (1/1)","0% (0/0)","0% (0/0)","0lMq2GKqLDSUgYAGc=","","",""
"3HEM8MA6H9PWE4866QOHEMBWPQ6PQK","3RPT4N9PTW10QTQ1XDWQW5MSRQ34DQ","Answer a survey on video playback quality","Give your rating on videos with different levels of playback quality.","survey, video play back","$0.70","Wed Nov 27 14:25:46 PST 2019","71","BatchId:3851433;OriginalHitTemplateId:920937340;","600","259200","Wed Nov 27 14:42:04 PST 2019","","","3VELCLL3GLWZT7WPXB7ZQBL9ML8F1E","A3EVD0CT5NH0E3","Approved","Wed Nov 27 14:29:34 PST 2019","Wed Nov 27 14:36:21 PST 2019","Sat Nov 30 14:36:21 PST 2019","Wed Nov 27 22:55:39 PST 2019","","","407","100% (1/1)","0% (0/0)","0% (0/0)","0lMq2GKqLDSUgYAGc=","","",""
"3HEM8MA6H9PWE4866QOHEMBWPQ6PQK","3RPT4N9PTW10QTQ1XDWQW5MSRQ34DQ","Answer a survey on video playback quality","Give your rating on videos with different levels of playback quality.","survey, video play back","$0.70","Wed Nov 27 14:25:46 PST 2019","71","BatchId:3851433;OriginalHitTemplateId:920937340;","600","259200","Wed Nov 27 14:42:04 PST 2019","","","3WQQ9FUS6B7RRQ4URUUIMVHWLTMB8C","AO2WNSGOXAX52","Rejected","Wed Nov 27 14:26:09 PST 2019","Wed Nov 27 14:28:06 PST 2019","Sat Nov 30 14:28:06 PST 2019","","Wed Nov 27 15:29:41 PST 2019","our backend result shows the worker doesn't watch at least one video in its full length","117","0% (0/2)","0% (0/0)","0% (0/0)","0lMq2GKqLDSUgYAGc=","","",""
"3HEM8MA6H9PWE4866QOHEMBWPQ6PQK","3RPT4N9PTW10QTQ1XDWQW5MSRQ34DQ","Answer a survey on video playback quality","Give your rating on videos with different levels of playback quality.","survey, video play back","$0.70","Wed Nov 27 14:25:46 PST 2019","71","BatchId:3851433;OriginalHitTemplateId:920937340;","600","259200","Wed Nov 27 14:42:04 PST 2019","","","3X0H8UUIT211YDHE0JWJQ0UI7OAWSC","A2W0LNNUHHVIG2","Approved","Wed Nov 27 14:25:59 PST 2019","Wed Nov 27 14:31:35 PST 2019","Sat Nov 30 14:31:35 PST 2019","Wed Nov 27 22:55:39 PST 2019","","","336","100% (2/2)","0% (0/0)","0% (0/0)","0lMq2GKqLDSUgYAGc=","","",""
"3HEM8MA6H9PWE4866QOHEMBWPQ6PQK","3RPT4N9PTW10QTQ1XDWQW5MSRQ34DQ","Answer a survey on video playback quality","Give your rating on videos with different levels of playback quality.","survey, video play back","$0.70","Wed Nov 27 14:25:46 PST 2019","71","BatchId:3851433;OriginalHitTemplateId:920937340;","600","259200","Wed Nov 27 14:42:04 PST 2019","","","3YDGXNSEO0776RJLCFKVEHBQB1548Z","A2HX13XTRKDD9C","Rejected","Wed Nov 27 14:26:08 PST 2019","Wed Nov 27 14:30:06 PST 2019","Sat Nov 30 14:30:06 PST 2019","","Wed Nov 27 15:29:41 PST 2019","our backend result shows the worker doesn't watch at least one video in its full length","238","0% (0/2)","0% (0/0)","0% (0/0)","0lMq2GKqLDSUgYAGc=","","",""
"3HEM8MA6H9PWE4866QOHEMBWPQ6PQK","3RPT4N9PTW10QTQ1XDWQW5MSRQ34DQ","Answer a survey on video playback quality","Give your rating on videos with different levels of playback quality.","survey, video play back","$0.70","Wed Nov 27 14:25:46 PST 2019","71","BatchId:3851433;OriginalHitTemplateId:920937340;","600","259200","Wed Nov 27 14:42:04 PST 2019","","","3YDGXNSEO0776RJLCFKVEHBQB16844","ALHT37PYQA05D","Approved","Wed Nov 27 14:37:50 PST 2019","Wed Nov 27 14:44:44 PST 2019","Sat Nov 30 14:44:44 PST 2019","Wed Nov 27 22:55:40 PST 2019","","","414","100% (1/1)","0% (0/0)","0% (0/0)","0lMq2GKqLDSUgYAGc=","","",""
"3HEM8MA6H9PWE4866QOHEMBWPQ6PQK","3RPT4N9PTW10QTQ1XDWQW5MSRQ34DQ","Answer a survey on video playback quality","Give your rating on videos with different levels of playback quality.","survey, video play back","$0.70","Wed Nov 27 14:25:46 PST 2019","71","BatchId:3851433;OriginalHitTemplateId:920937340;","600","259200","Wed Nov 27 14:42:04 PST 2019","","","3YGXWBAF71U9IU9YTR00G3791SR4C6","A2HUTXBZ4YCVYT","Rejected","Wed Nov 27 14:37:35 PST 2019","Wed Nov 27 14:40:18 PST 2019","Sat Nov 30 14:40:18 PST 2019","","Wed Nov 27 15:29:41 PST 2019","our backend result shows the worker doesn't watch at least one video in its full length","163","0% (0/1)","0% (0/0)","0% (0/0)","0lMq2GKqLDSUgYAGc=","","",""
"3HEM8MA6H9PWE4866QOHEMBWPQ6PQK","3RPT4N9PTW10QTQ1XDWQW5MSRQ34DQ","Answer a survey on video playback quality","Give your rating on videos with different levels of playback quality.","survey, video play back","$0.70","Wed Nov 27 14:25:46 PST 2019","71","BatchId:3851433;OriginalHitTemplateId:920937340;","600","259200","Wed Nov 27 14:42:04 PST 2019","","","3Z4AIRP3C7QGTTNAX5DLWILGQQ3X1M","A1WSSSEYTPLEUW","Rejected","Wed Nov 27 14:36:28 PST 2019","Wed Nov 27 14:45:07 PST 2019","Sat Nov 30 14:45:07 PST 2019","","Wed Nov 27 15:29:41 PST 2019","our backend result shows the worker doesn't watch at least one video in its full length","519","0% (0/1)","0% (0/0)","0% (0/0)","0lMq2GKqLDSUgYAGc=","","",""
